RollNo,StudentName,Class,Mathematics,Physics,Chemistry,English,ComputerScience,Remarks
1,Aarav Sharma,Class 10-A,96,92,89,93,98,Outstanding academic consistency and coding logic
2,Diya Patel,Class 10-A,88,85,91,94,90,Excellent creative writing and science performance
3,Kabir Verma,Class 10-A,94,89,92,86,95,Great problem solving and active participation
4,Ananya Gupta,Class 10-A,78,82,80,90,88,Good conceptual understanding; keep practicing math
5,Rohan Mehta,Class 10-A,90,94,93,88,96,Exceptional lab skills and analytical thinking
6,Sneha Joshi,Class 10-A,85,88,86,92,89,Very good progress in all subjects
7,Vihaan Reddy,Class 10-A,92,90,91,85,94,Strong grasp of mathematics and physics
8,Ishaan Nair,Class 10-A,82,79,84,88,85,Consistent effort; good improvement in practicals
9,Tanvi Deshmukh,Class 10-A,95,91,94,96,97,Brilliant all-round academic performance
10,Aditya Roy,Class 10-A,89,86,88,91,92,Commendable performance in technical subjects
